Designator,Footprint,Quantity,Value,LCSC Part #
"C1, C10, C104, C106, C107, C108, C11, C110, C112, C113, C114, C115, C116, C117, C128, C129, C130, C131, C133, C134, C14, C140, C141, C143, C144, C145, C146, C147, C18, C19, C29, C38, C4, C40, C41, C42, C53, C54, C57, C58, C6, C61, C65, C68, C7, C71, C77, C79, C8, C80, C9, C91",0603,52,100n,C14663
"C100, C101",0603,2,"1n,50V",C309468
"C102, C103",0603,2,"10n,50V",C57112
"C105, C142, C2, C20, C24, C33, C63, C81, C85, C86, C87",0603,11,1u,C15849
"C109, C132, C135, C136, C137, C138, C139, C36, C69, C94, C95",0603,11,1n,C309468
C111,0603,1,10u,C2959727
"C119, C89, C90, C92, C93",0603,5,33n,C576851
"C12, C17",0603,2,8p,C36508
"C120, C43",0805,2,10u,C15850
"C121, C30, C83",0603,3,10n,C57112
"C122, C3, C5, C66, C67",0603,5,2u2,C23630
C123,2220,1,"68n,200V,5%,C0G/NP0",C2175506
"C13, C16",0603,2,47p,C1671
"C15, C39",0603,2,4u7,C19666
"C21, C22, C26",1210,3,"10u,50V",C77102
C23,0603,1,330n,C1615
"C25, C31, C32",0805,3,2u2,C377773
"C27, C55, C56",1210,3,"4u7,50V",C86052
C28,0603,1,68p,C62782
C34,1210,1,47u,C77101
"C35, C37, C44",1210,3,22u,C309062
"C45, C46, C47",1210,3,"10u,63V",C437568
"C48, C50, C51, C52",0805,4,22u,C45783
C49,0805,1,"1u,100V",C105952
"C59, C60",1210,2,"22u,25V",C309062
"C62, C64",0603,2,30p,C1658
C70,0603,1,1n2,C576796
C72,0603,1,100p,C14858
C73,0603,1,6n8,C1631
"C74, C76, C82, C84",0805,4,1u,C105952
C75,1210,1,10u,C77102
"C96, C97",1206,2,"680n,100V",C710483
"C98, C99",0805,2,"220n,100V",C513710
D1,LED_WS2812B_PLCC4_5.0x5.0mm_P3.2mm,1,WS2812B,C2843785
D10,SC-59,1,"1SS396,LF",C2762668
D11,D_SOD-323F,1,BAT54WS,C22629
D2,TO-277B,1,PDS760-13,C3018534
D3,SMBJ,1,SMBJ24CA,C83268
D4,SOD-123_ONS,1,MMSZ12T1G,C72599
"D5, D6, D7, D8",0603,4,Red,C2286
D9,D_SMC,1,SMLJ150CA,C5924268
F1,1206,1,6A,C3165603
J1,PinHeader_2x05_P1.27mm_Vertical,1,Conn_ARM_JTAG_SWD_10,C5883263
"J2, J3",USB_Micro-B_Amphenol_10118193-0001LF_Horizontal,2,USB_B_Micro,C132562
J4,UAM_DaughterCard,1,~,
J5,CONN2_2601-1102_WAG,1,2601-1102,C7509568
J6,CONN3_2601-1103_WAG,1,2601-1103,C7472698
L1,L_Bourns_SRP6060FA,1,6u8,C2047089
L2,L_Bourns_SRP6060FA,1,15u,C2047415
L3,L_Bourns-SRN8040_8x8.15mm,1,33u,C780189
"L4, L5",CDRH127L125NP,2,33u,C2595984
L6,B82477D4xxxM900,1,136u,C1016922
"L7, L9",L_Pulse_PA4344,2,100u,C2452965
"Q1, Q10, Q12, Q13, Q4, Q5, Q6, Q7, Q8, Q9",SOT-23,10,BSS138,C40912
Q11,SOT-23,1,DMP3068L-7,C151010
Q2,VSON-8_3.3x3.3mm_P0.65mm_NexFET,1,CSD18543Q3A,C840100
Q3,Vishay_PowerPAK_1212-8_Single,1,Si7617DN,C727607
"R10, R11, R36, R85",0603,4,2k49,C100897
"R100, R13",0603,2,56k,C23206
R101,0603,1,8k66,C23114
R102,0603,1,2k05,C22900
R103,0603,1,16k9,C25954
"R104, R110, R111, R112, R29, R37, R56, R57, R6, R96",0603,10,10k,C25804
R105,0603,1,1k91,C22853
R106,0603,1,28k,C22989
R107,0603,1,6k19,C25978
R108,0603,1,1k18,C858885
R109,0603,1,17k4,C22819
"R113, R115, R116, R18, R20, R26, R50, R53, R70, R73, R76, R79, R83, R89, R92",0603,15,100k,C25803
"R114, R14, R40, R41, R46, R47, R97",0603,7,390R,C23151
R12,0603,1,33k,C4216
"R15, R19, R21, R71, R74, R84",0603,6,2k,C22975
"R16, R17, R48, R7, R88, R9",0603,6,22R,C23345
"R22, R23, R43",0603,3,4k7,C23162
R24,0603,1,28k7,C100933
"R25, R8, R90, R91, R93, R99",0603,6,1k,C21190
R27,0603,1,150k,C22807
R28,0603,1,21k,C22956
R30,0603,1,267R,C22924
R31,0603,1,68k,C23231
R32,0603,1,39k,C23153
"R33, R67, R68",0603,3,100R,C22775
"R34, R66",0805,2,10m,C104574
R35,0603,1,71k5,C23103
R38,0603,1,300k,C23024
"R39, R62",0603,2,22k,C31850
R4,0603,1,47R,C23182
R42,0603,1,20k,C4184
"R44, R49, R87",0603,3,1M,C22935
R45,0603,1,8k06,C23112
"R51, R54",0603,2,470R,C23179
R52,0603,1,499R,C23065
R55,0603,1,2k94,C22909
R58,0603,1,806R,C23116
R59,0603,1,1k21,C22835
"R60, R61, R64, R65",0603,4,3R3,C22979
R63,0603,1,"30k,1%",C22984
"R69, R72, R75, R78",0603,4,220R,C22962
"R77, R80",0603,2,47k,C25819
R81,1206,1,"160k,1%",C4437
R82,0603,1,"1k6,1%",C22847
R86,0603,1,732R,C23106
R94,0603,1,200R,C8218
R95,0603,1,91k,C23265
R98,0603,1,86k6,C23121
"TP1, TP2",TestPoint_Pad_D1.0mm,2,TestPoint,
U1,SOIC-8_5.3x5.3mm_P1.27mm,1,W25Q16JVSS,C82317
U10,SOT-23-5,1,TPS60403DBV,C11338
U11,WSON-12-1EP_3x2mm_P0.5mm_EP1x2.65,1,LM5155DSSR,C545416
U12,SOT-23-5,1,TPS72301DBV,C34678
"U13, U14",WSON-6-1EP_2x2mm_P0.65mm_EP1x1.6mm,2,TLV75733PDRVR,C2868428
U15,SOT-23-6,1,LMR54406,C5219316
"U16, U18, U4, U5",USON-10_2.5x1.0mm_P0.5mm,4,TPD4E05U06DQA,C138714
U17,QFN-24-1EP_4x4mm_P0.5mm_EP2.6x2.6mm,1,USB3343,C112967
U19,MSOP-10_3x3mm_P0.5mm,1,OPA2316,C2060790
U2,LQFP-100_14x14mm_P0.5mm,1,STM32H723VET6,C730141
U20,HTSSOP-44-1EP_6.1x14mm_P0.635mm_EP5.2x14mm_Mask4.31x8.26mm,1,TPA3244DDWR,C544669
U21,ST_HLGA-10_2x2mm_P0.5mm_LayoutBorder3x2y,1,LPS22HH,C2827824
U22,SOT-23-8,1,INA219AIDCNR,C87469
"U23, U25",SOT-23-6,2,OPA991SIDBVR,C2864547
"U24, U3, U34",SOT-363_SC-70-6,3,TS5A4624,C485533
U26,SOT-23-5,1,LM6211,C2060609
"U27, U28, U29, U30, U31, U32",SOT-23-5,6,LMV641MFX/NOPB,C2059681
U33,TSSOP-10_3x3mm_P0.5mm,1,PGA113,C2057394
U35,RELAY_AQY_SO4_KS_PAN,1,AQY210S,C132163
"U6, U7",SOT-363_SC-70-6,2,TPS22919,C2149796
U8,HTSOP-8-1EP_3.9x4.9mm_P1.27mm_EP2.4x3.2mm,1,BV1HB045EFJ-C,C17309972
U9,LMR66430R5RXBR,1,LMQ66430R5RXBR,C22440565
Y1,Crystal_SMD_3225-4Pin_3.2x2.5mm,1,32.768 kHz,C213398
Y2,Crystal_SMD_5032-4Pin_5.0x3.2mm,1,8 MHz,C5154132
Y3,Crystal_SMD_3225-4Pin_3.2x2.5mm,1,26 MHz,C5143383
